Name,GSTIN,Address,City,State,Country,Contact Name,Email,Phone
Celestial Meridian Shipping Pvt Ltd,27AAFCC0985J1ZE,"D-604, Raikar Chambers, Off K.D. Marg",Mumbai,Maharashtra,India,Vishwanath Mayekar,info@cmshipping.in,+91 22255 00500
Axis Shipping Pte. Ltd.,,"10, Anson Road, #10-11, International Plaza",Singapore,,Singapore,Vishwanath Mayekar,info@axisship.com.sg,
Ethos Marine ,,,,,,Nikhil Karkhanis,,
Berge Bulk Maritime Pte. Ltd. ,,"12 Marina Boulevard, #24-03, MBFC Tower 3, ",Singapore,,Singapore,Vijay Jeyakumaran,vijay.jeyakumaran@bergebulk.com,+65 6887 9053
Blue Yonder Coaching,,"8 Kim Tian Place, #04-53, Singapore",Singapore,,Singapore,Melinda Read,,+65 8754 4262
Flex LNG Fleet Management,,"2nd Floor  Baltic Chambers, Broad Chare, Quayside",Newcastle,,United Kingdom,Sharon Wong,sharon.wong@flexfleetmgt.com,
Pacific Gas,,"9 Temasek Boulevard, #32-02A, Suntec Tower Two",Singapore,,Singapore,Nicole Yan,invoice@pacific-gas.com,
OSM Maritime Ship Management Pte Ltd,,"30 Cecil Street, #14-01, Prudential Tower",Singapore,,Singapore,Terence Hui Yu-Chung,invoice.seateam@osm.no,
The United Kingdom Mutual Steam Ship Assurance Association Ltd.,,90 Fenchurch Street,London,,United Kingdom,Stuart Edmonston,stuart.edmonston@thomasmiller.com;emma.newton@thomasmiller.com,+44 (0) 207 204 2341;+44 (0) 207 204 2160
